2;3100
2;A10
2;A20
2;AGILE
2;ASTRA
2;ASTROVAN
2;AVALANCHE
2;BEL AIR
2;BERETTA
2;BLAZER
2;BONANZA
2;BRASINCA
2;C10
2;C14
2;C15
2;C20
2;CALIBRA
2;CAMARO
2;CAPRICE
2;CAPTIVA SPORT
2;CARAVAN
2;CAVALIER
2;CELTA
2;CHEVELLE
2;CHEVETTE
2;CHEVY 500
2;CHEYENNE
2;CLASSIC
2;COLORADO
2;CORSA
2;CORSICA
2;CORVETTE
2;COUP�
2;D10
2;D20
2;D40
2;DE LUXE
2;EQUINOX
2;FLEETLINE
2;FLEETMASTER
2;GRAND BLAZER
2;HHR
2;IMPALA
2;IPANEMA
2;KADETT
2;LUMINA
2;MALIBU
2;MARAJ�
2;MASTER
2;MERIVA
2;MONTANA
2;MONTE CARLO
2;MONZA
2;OMEGA
2;OPALA
2;PICKUP
2;PRISMA
2;RAMONA
2;S10
2;SATURN
2;SILVERADO
2;SPACE VAN
2;SPORT VAN
2;SS
2;SSR
2;SUBURBAN
2;SUPREMA
2;SYCLONE
2;TIGRA
2;TRACKER
2;TRAFIC
2;TRAILBLAZER
2;VECTRA
2;VEGA
2;VERANEIO
2;ZAFIRA
3;AEROSTAR
3;ASPIRE
3;BELINA
3;CLUB WAGON
3;CONSUL
3;CONTOUR
3;CORCEL
3;CORCEL II
3;COURIER
3;CROWN VICTORIA
3;CUP�
3;DEL REY
3;ECOSPORT
3;EDGE
3;ENCOLINE E 350
3;ESCORT
3;EXCURSION
3;EXPEDITION
3;EXPLORER
3;F-1
3;F-100
3;F-1000
3;F-150
3;F-250
3;F-350
3;F-4000
3;F-75
3;F3 PICK UP
3;FAIRLANE
3;FALCON
3;FIESTA
3;FLEX
3;FOCUS
3;FURGLAINE
3;FUSION
3;GALAXIE
3;GT
3;IBIZA
3;JEEP
3;KA
3;LANDAU
3;LTD
3;MAVERICK
3;MODELO A
3;MODELO T
3;MONDEO
3;MUSTANG
3;NEW FIESTA
3;PAMPA
3;PROBE
3;RANCHERO
3;RANGER
3;ROYALE
3;RURAL
3;SIERRA
3;SPORT TRAC
3;SUPER DELUXE
3;TAURUS
3;THUNDERBIRD
3;TORINO
3;TRANSIT
3;TUDOR
3;VERONA
3;VERSAILLES
3;VICTORIA
3;WINDSTAR
4;124
4;147
4;500
4;600
4;BRAVA
4;CINQUECENTO
4;COUP�
4;DARDO
4;DOBL�
4;DUCATO
4;DUNA
4;ELBA
4;FIORINO
4;IDEA
4;LINEA
4;MAREA
4;NOVO DUCATO
4;OGGI
4;PALIO
4;PANORAMA
4;PREMIO
4;PUNTO
4;SIENA
4;SPAZIO
4;STILO
4;STRADA
4;TEMPRA
4;TIPO
4;UNO
5;1200
5;1300
5;1600
5;AMAROK
5;APOLLO
5;BORA
5;BRASILIA
5;BUGGY
5;CARAVELLE
5;CORRADO
5;CROSSFOX
5;EOS
5;EUROVAN
5;FOX
5;FUSCA
5;GOL
5;GOLF
5;JETTA
5;JETTA III
5;KARMANN-GHIA
5;KOMBI
5;LOGUS
5;NEW BEETLE
5;PARATI
5;PASSAT
5;POINTER
5;POLO
5;POLO SEDAN
5;QUANTUM
5;SANTANA
5;SAVEIRO
5;SP2
5;SPACEFOX
5;TIGUAN
5;TL
5;TOUAREG
5;VAN
5;VARIANT
5;VARIANT II
5;VOYAGE
6;145
6;147
6;155
6;156
6;159
6;164
6;166
6;1750
6;2300 B
6;2300 SL
6;2300 Ti
6;8C COMPETIZIONE
6;ALFETTA
6;BERLINA
6;BRERA
6;FNM 2150
6;GIULIETTA
6;JK FNM 2000
6;SPIDER
7;AM 825
7;GALLOPER
7;HI-TOPIC
7;ROCSTA
7;TOPIC
7;TOWNER
8;100
8;80
8;90
8;A2
8;A3
8;A4
8;A5
8;A6
8;A8
8;ALLROAD
8;Q5
8;Q7
8;R8
8;RS2
8;RS4
8;RS5
8;RS6
8;S2
8;S3
8;S4
8;S5
8;S6
8;S8
8;TT
8;TTS
9;BROOKLANDS
9;CONTINENTAL
9;TYPE R
10;118i
10;120i
10;130i
10;135i
10;1600
10;1602
10;1802
10;2002
10;2800A
10;2800CS
10;3000CS
10;316i
10;318i
10;318iS
10;318iSA
10;318Ti
10;320i
10;323Ci
10;323i
10;323Ti
10;325Ci
10;325i
10;325iS
10;328i
10;330Ci
10;330i
10;335i
10;520i
10;525i
10;528i
10;528iL
10;530i
10;535i
10;540i
10;545i
10;550i
10;635CSi
10;645CI
10;650Ci
10;650i
10;730iL
10;735i
10;735iL
10;740i
10;740iL
10;745i
10;750i
10;760Li
10;840Ci
10;850Ci
10;850CSi
10;ISETTA
10;M3
10;M5
10;M6
10;NEW CLASS
10;X1
10;X3
10;X5
10;X6
10;Z1
10;Z3
10;Z4
10;Z8
11;300 C
11;300 M
11;CARAVAN
11;CIRRUS
11;CONCORDE
11;CROSSFIRE
11;ESPLANADA
11;GRAND CARAVAN
11;LE BARON
11;NEON
11;PACIFICA
11;PT CRUISER
11;SEBRING
11;STRATUS
11;TOWN & COUNTRY
11;VISION
11;VOYAGER
12;3 CV
12;AIRCROSS
12;AX
12;BERLINGO
12;BX
12;C2
12;C3
12;C4
12;C4 PICASSO
12;C5
12;C6
12;C8
12;EVASION
12;GRAND C4 PICASSO
12;JUMPER
12;TRACTION AVANT 11BL
12;XANTIA
12;XM
12;XSARA
12;XSARA PICASSO
12;ZX
13;ESPERO
13;LANOS
13;LEGANZA
13;NUBIRA
13;PRINCE
13;RACER
13;SUPER SALON
13;TICO
14;APPLAUSE
14;CHARADE
14;CUORE
14;FEROZA
14;GRAN MOVE
14;MOVE VAN
14;TERIOS
15;308
15;328 GTB 
15;348
15;365 GTB
15;430 SCUDERIA
15;458 ITALIA
15;599 GTB
15;599 GTO
15;612
15;CALIF�RNIA
15;DINO 246 GT
15;DINO 308
15;ENZO
15;F355
15;F355 F1
15;F360
15;F40
15;F430
15;F456
15;F456 M
15;F50
15;F512 M
15;F550
15;F575M
16;ACCORD
16;CITY
16;CIVIC
16;CRV
16;FIT
16;INSIGHT
16;LEGEND
16;ODYSSEY
16;PASSPORT
16;PILOT
16;PRELUDE
16;RIDGELINE
16;S2000
16;S800
17;ACCENT
17;ATOS
17;AZERA
17;COUP�
17;ELANTRA
17;EXCEL
17;GALLOPER
17;GENESIS
17;H1 STAREX
17;H100
17;HR 
17;I30
17;I30 CW
17;IX35
17;MATRIX
17;PORTER
17;S-COUP�
17;SANTA F�
17;SONATA
17;TERRACAN
17;TIBURON
17;TRAJET
17;TUCSON
17;VERA CRUZ
18;DAIMLER
18;E-TYPE
18;LISTER
18;S-TYPE
18;SOVEREIGN LONG
18;X-TYPE
18;XF
18;XFR
18;XJ-S
18;XJ-SC
18;XJ12
18;XJ12L
18;XJ6
18;XJ8
18;XJR
18;XJS
18;XK 120
18;XK8
18;XKR
20;MONTEZ
21;BESTA
21;BONGO
21;CARENS
21;CARNIVAL
21;CERATO
21;CERES
21;CLARUS
21;MAGENTIS
21;MOHAVE
21;OPIRUS
21;PICANTO
21;RIO
21;SEPHIA
21;SHUMA
21;SORENTO
21;SOUL
21;SPORTAGE
22;DIABLO
22;ESPADA
22;GALLARDO
22;MURCIELAGO
22;REVENTON
22;SPADA
23;DEFENDER
23;DISCOVERY
23;DISCOVERY 2
23;DISCOVERY 3
23;DISCOVERY 4
23;FREELANDER
23;RANGE ROVER
23;RANGE ROVER SPORT
23;RANGE ROVER VOGUE
23;S�RIE I
24;323
24;626
24;929
24;B-2200
24;B-2500
24;CX-7
24;CX-9
24;MILLENIA
24;MPV
24;MX-3
24;MX-5
24;MX-6
24;NAVAJO
24;PROTEG�
24;RX-7
24;RX-8
24;SPEED3
25;170 D
25;180 C
25;180 D
25;190 D
25;190 E
25;190 SL
25;200 D
25;220
25;220 D
25;220 E
25;220 S
25;230
25;230 E
25;230 S
25;230.4
25;230.6
25;240 D
25;240 GD
25;250 C
25;250 CE
25;250 SL 
25;260 E
25;280 C
25;280 E
25;280 S
25;280 SE
25;280 SEL
25;280 SL
25;280 TE
25;300 CE
25;300 D
25;300 E
25;300 GD
25;300 SD
25;300 SE
25;300 SEL
25;300 SL
25;300 TD
25;300 TE
25;320 E
25;320 SL
25;350 SE
25;350 SEL
25;350 SL
25;350 SLC
25;380 SE
25;450 SE
25;450 SEL
25;450 SL
25;450 SLC
25;500 E
25;500 SE
25;500 SEC
25;500 SEL
25;500 SL
25;500 SLC
25;560 SEC
25;560 SEL
25;600 SL
25;A 200
25;B 170
25;B 180
25;B 200
25;C 180
25;C 180 K
25;C 200
25;C 200 K
25;C 220
25;C 230
25;C 230 K
25;C 240
25;C 280
25;C 300
25;C 32 AMG
25;C 320
25;C 350
25;C 36 AMG
25;C 43 AMG
25;C 55 AMG
25;C 63 AMG
25;CL 500
25;CL 55 AMG
25;CL 600
25;CL 63 AMG
25;CL 65
25;CL 65 AMG
25;CLASSE A
25;CLC 200
25;CLC 200 K
25;CLK 200
25;CLK 230
25;CLK 320
25;CLK 350
25;CLK 430
25;CLK 500
25;CLK 55 AMG
25;CLK 550
25;CLS 350
25;CLS 500
25;CLS 55 AMG
25;CLS 63 AMG
25;E 200
25;E 220
25;E 230
25;E 240
25;E 320
25;E 350
25;E 420
25;E 430
25;E 500
25;E 500 EB4
25;E 55 AMG
25;E 63 AMG
25;E 65
25;G 350
25;G 500
25;G 55 AMG
25;GL 500
25;GLK 280
25;GLK 300
25;MICRO�NIBUS
25;ML
25;ML 230
25;ML 320
25;ML 350
25;ML 430
25;ML 500
25;ML 55 AMG
25;ML 63 AMG
25;R 500
25;R 500 L
25;R 63 AMG
25;R 63 L AMG
25;S 280
25;S 320
25;S 350
25;S 400
25;S 500
25;S 500 L
25;S 55 AMG
25;S 600
25;S 63 AMG
25;S 65 AMG
25;SL 280
25;SL 320
25;SL 350
25;SL 500
25;SL 55 AMG
25;SL 550
25;SL 600
25;SL 63 AMG
25;SL 65 AMG
25;SLK 200
25;SLK 230
25;SLK 32 AMG
25;SLK 320
25;SLK 350
25;SLK 55 AMG
25;SLR 
25;SLS AMG 
25;SPRINTER
26;3000 GT
26;AIRTREK
26;COLT
26;DIAMANT
26;ECLIPSE
26;ECLIPSE SPYDER
26;ENDEAVOR
26;EXPO
26;GALANT
26;GRANDIS
26;L200
26;L300
26;LANCER
26;MIRAGE
26;MONTERO
26;OUTLANDER
26;PAJERO
26;RAIDER
26;SPACE WAGON
27;240SX
27;300 ZX
27;350Z
27;370Z
27;ALTIMA
27;ARMADA
27;AX
27;CUBE
27;D
27;D 21
27;FRONTIER
27;GRAND LIVINA
27;GT-R
27;INFINITI
27;KING CAB
27;LIVINA
27;MAXIMA
27;MICRA
27;MURANO
27;NX
27;PATHFINDER
27;PICK-UP
27;PRIMERA
27;QUEST
27;ROGUE
27;SENTRA
27;SILVIA
27;STANZA
27;TERRANO
27;TIIDA
27;VAN
27;X-TRAIL 
27;XTERRA
28;106
28;205
28;206
28;207
28;306
28;307
28;309
28;320
28;405
28;406
28;407
28;504
28;505
28;605
28;607
28;806
28;807
28;BOXER
28;HOGGAR
28;PARTNER
29;356
29;911
29;912E
29;914
29;928
29;944
29;968
29;BOXSTER
29;CARRERA GT
29;CAYENNE
29;CAYMAN
29;CAYMAN S
29;KREMER
29;PANAMERA
29;SPYDER 500
29;SPYDER 550
30;19
30;21
30;CLIO
30;EXPRESS
30;GORDINI
30;GRAND SC�NIC
30;KANGOO
30;LAGUNA
30;LOGAN
30;MASTER
30;M�GANE
30;SANDERO
30;SC�NIC
30;SYMBOL
30;TRAFIC
30;TWINGO
31;CORDOBA
31;IBIZA
31;INCA
32;ACTYON
32;ACTYON SPORTS
32;CHAIRMAN
32;ISTANA
32;KORANDO
32;KYRON
32;MUSSO
32;REXTON
32;REXTON II
33;FORESTER
33;IMPREZA
33;LEGACY
33;OUTBACK
33;SVX
33;TRIBECA
33;VIVIO
34;BALENO
34;GRAND VITARA
34;IGNIS
34;JIMNY
34;SAMURAI
34;SIDEKICK
34;SWIFT
34;SX4
34;VITARA
34;WAGON
35;4RUNNER
35;AVALON
35;BANDEIRANTE
35;BJ
35;CAMRY
35;CELICA
35;COROLLA
35;CORONA
35;FIELDER
35;FJ CRUISER
35;HIGHLANDER
35;HILUX
35;HILUX SW4
35;LAND
35;LAND CRUISER
35;LAND CRUISER PRADO
35;LEXUS
35;MATRIX
35;MR-2
35;PASEO
35;PREVIA
35;RAV4
35;SEQUOIA
35;SIENNA
35;STARLET
35;SUPRA
35;T-100
35;TACOMA
35;TERCEL
35;TUNDRA
35;VENZA
35;YARIS
36;440
36;444
36;460
36;850
36;855
36;940
36;960
36;C30
36;C70
36;S40
36;S60
36;S70
36;S80
36;V40
36;V50
36;V70
36;XC60
36;XC70
36;XC90
42;LAIKA
42;NIVA
42;SAMARA
102;AVENGER
102;CALIBER
102;CHALLENGER
102;CHARGER
102;CUSTOM
102;D100
102;DAKOTA
102;DART
102;DURANGO
102;GRAND CARAVAN
102;INTREPID
102;JOURNEY
102;KINGSWAY
102;LE BARON
102;MAGNUM
102;NITRO
102;PICK-UP
102;POLARA
102;RAM
102;STEALTH
102;VIPER
102;WC-52
111;222
111;3200
111;4200
111;425
111;COUP�
111;GRAN TURISMO
111;GRANSPORT
111;MC12
111;QUATTROPORTE
111;SHAMAL
111;SPYDER
115;AM
115;H1 
115;H2
115;H3
117;ES
117;ES 330
117;ES 350
117;GS
117;GX 470
117;IS 250
117;IS 350
117;IS F
117;LS
117;RX
117;RX 350
117;SC 300
117;SC 400
117;SC 430
119;CENTURY
119;DINAFLOW
119;ENCLAVE
119;LACROSSE
119;LESABRE
119;REGAL
119;RIVIERA
119;ROADSTER
119;SKYLARK
119;SPORTWAGON
120;BROUGHAM
120;CTS
120;CTS-V
120;DE VILLE
120;DTS
120;ELDORADO
120;ESCALADE
120;FLEETWOOD
120;LASALLE
120;LIMOUSINE
120;SERIES 62
120;SEVILLE
120;SRX
120;STS
122;SPEEDSTER
122;SPYDER
122;SUPER 90
123;ENGESA
126;METRO
126;STORM
128;3500 HD
128;ACADIA
128;BLAZER
128;CHEYENNE
128;ENVOY
128;SIERRA
128;SILVERADO
128;SONOMA
128;SS
128;TYPHOON
128;YUKON
130;BR-800
130;CARAJ�S
130;G-15
130;G800
130;MOTOMACHINE
130;SUPERMINI 
130;X12
130;XEF
132;AMIGO
132;HOMBRE
132;RODEO
132;TROOPER
133;5912
133;DAILY
135;CONTINENTAL
135;LS
135;MARK VIII
135;MKX
135;MKZ
135;NAVIGATOR
135;TOWN CAR
136;ELAN
136;ELISE
136;ESPRIT
136;EXIGE
137;COUGAR
137;GRAND MARQUIS
137;MONTEREY
137;MYSTIQUE
137;SABLE
137;TRACER
137;VILLAGER
138;787
138;BG
138;CABRIOLET
138;MTS
138;SAGA
138;SPORT
138;TARGA
138;TOP SPORT
138;X8
141;ACHIEVA
141;AURORA
141;F-85 CUTLASS
141;NINETY EIGHT
142;ACCLAIM
142;BARRACUDA
142;GRAND VOYAGER
143;FIREBIRD
143;FORMULA 400
143;FORMULA 402
143;G8
143;GRAND AM
143;GTO
143;LE MANS 
143;MONTANA
143;SOLSTICE
143;TRANS SPORT
144;AM1
144;AM4
144;AMV
144;GT
144;GTB
144;GTB/S2
144;GTC
144;GTE
144;GTS
145;MG
146;900
146;9000
147;SM 4.1
148;CHAMBORD
150;MGB
150;TC
153;PANTANAL
153;RF
153;T4
161;BEACH
161;SUPER
162;M-10
162;M-10 1/2
162;M-11
162;M-12
162;M-8
166;CAMPER
166;SUPER 90
167;INTEGRA
167;LEGEND
167;MDX
167;NSX
167;RDX
167;RL
167;TL
167;TSX
167;ZDX
169;PICK-UP
170;SKY
170;SL-2
171;CL
172;FRATELLO
172;VOLARE
176;BUGGY
177;BELCAR
177;CANDANGO
177;FISSORE
177;VEMAGUET
178;COBRA
179;S
180;COOPER
180;MORRIS
183;EX35
183;FX35
183;FX45
183;FX50
183;G35 
183;G37
183;J30
183;Q45
183;QX56
183;STANZA
184;KB2
184;L 120
185;DELTA
186;20/25
186;GHOST 
186;PHANTOM
186;SILVER CLOUD II
186;SILVER CLOUD III
186;SILVER SHADOW
186;SILVER SPUR
186;WRAITH
188;BABY
213;AERO-WILLYS
213;INTERLAGOS
213;JEEP
213;RURAL
214;ROMI-ISETTA
216;CLASSICO
217;STUDEBAKER
218;CHEROKEE
218;CJ 5
218;CJ 6
218;COMMANDER
218;GRAND CHEROKEE
218;LIBERTY
218;PATRIOT
218;WRANGLER
219;JEEP
220;H1
223;FURGOVAN
223;MARRU�
225;A40
225;AMERICA
225;PRINCESS
226;FORTWO
227;BUGGY
229;1300
229;MINI
230;2000
230;2150
231;TURBO EX
232;CLASSIC 427
232;CLASSIC XK120
232;GTA 40
233;BUGUE
234;RECORD
235;UNIMOG
236;R�PLICA
237;COUP�
238;FUTURA
239;CYGNET
239;DB7
239;DB9
239;DBS
239;V8 VANTAGE 
240;WALKSPORT
241;CARGO
241;FAMILY
241;UTILITY
243;FURG�O
243;M100
243;PICAPE CABINE DUPLA
243;PICAPE CA�AMBA CURTA
243;PICAPE CA�AMBA LONGA
243;VAN
244;BUGGY
245;DE SOTO
246;CHASSI
246;PICKUP
246;SCORPIO
246;SUV
247;BUGGY
248;BRIO FX
249;2000W
250;BETA
251;EB110 SS
251;VEYRON
252;CCX
252;CCXR
253;HOFSTETTER
254;VENTURA
255;BUGGY
257;TOWNER
258;TOPIC
259;BUGGY
260;NAJA ONE
261;NICK
262;57S
262;62S
263;TERRAL 2
263;TERRAL 4
264;HOVER CUV
265;WAY
266;KAUIPE LUXO
267;VISION
268;SPITFIRE
269;ZONDA F
270;CIELO
270;FACE
270;TIGGO
271;MB
272;C8 LAVIOLETTE
272;C8 SPYDER
273;BUGGY
274;JAVALI
275;TANGER
276;STARK
277;TT
278;VANGUARD
279;HORNET
280;320
280;620
281;STANDARD